{
  "lang":"en",
  "name":"pipeline",
  "version":"0.0.0",
  "spacy_version":">=3.7.2,<3.8.0",
  "description":"",
  "author":"",
  "email":"",
  "url":"",
  "license":"",
  "spacy_git_version":"a89eae928",
  "vectors":{
    "width":0,
    "vectors":0,
    "keys":0,
    "name":null,
    "mode":"default"
  },
  "labels":{
    "tok2vec":[

    ],
    "ner":[
      "DISH",
      "EQUIPMENT",
      "INGREDIENT"
    ]
  },
  "pipeline":[
    "tok2vec",
    "ner"
  ],
  "components":[
    "tok2vec",
    "ner"
  ],
  "disabled":[

  ],
  "performance":{
    "ents_f":0.5352112676,
    "ents_p":0.59375,
    "ents_r":0.4871794872,
    "ents_per_type":{
      "INGREDIENT":{
        "p":0.62,
        "r":0.5961538462,
        "f":0.6078431373
      },
      "DISH":{
        "p":0.0,
        "r":0.0,
        "f":0.0
      },
      "EQUIPMENT":{
        "p":0.5384615385,
        "r":0.4375,
        "f":0.4827586207
      }
    },
    "tok2vec_loss":368.4801975913,
    "ner_loss":100.425552921
  }
}